{"cameraMode":{"drawMode":0,"name":"Shaded","section":"Shading Mode"},"sceneLighting":false,"audioPlay":false,"sceneViewState":{"m_AlwaysRefresh":false,"showFog":true,"showSkybox":false,"showFlares":true,"showImageEffects":true,"showParticleSystems":true,"showVisualEffectGraphs":true,"m_FxEnabled":true},"in2DMode":false,"pivot":{"x":-0.000001430511474609375,"y":0.5138669013977051,"z":2.4077844619750978},"rotation":{"x":-0.133787140250206,"y":-0.1101427972316742,"z":0.014832738786935807,"w":-0.9848745465278626},"size":16.02301025390625,"orthographic":false}