{"cameraMode":{"drawMode":0,"name":"Shaded","section":"Shading Mode"},"sceneLighting":false,"audioPlay":false,"sceneViewState":{"m_AlwaysRefresh":false,"showFog":true,"showSkybox":false,"showFlares":true,"showImageEffects":true,"showParticleSystems":true,"showVisualEffectGraphs":true,"m_FxEnabled":true},"in2DMode":false,"pivot":{"x":-23.514863967895509,"y":5.291894912719727,"z":-23.163251876831056},"rotation":{"x":0.0010123895481228829,"y":-0.9812197089195252,"z":0.0059165945276618,"w":0.19321464002132417},"size":40.023963928222659,"orthographic":false}