{"cameraMode":{"drawMode":0,"name":"Shaded","section":"Shading Mode"},"sceneLighting":false,"audioPlay":false,"sceneViewState":{"m_AlwaysRefresh":false,"showFog":true,"showSkybox":false,"showFlares":true,"showImageEffects":true,"showParticleSystems":true,"showVisualEffectGraphs":true,"m_FxEnabled":true},"in2DMode":false,"pivot":{"x":2.032740592956543,"y":-1.3061275482177735,"z":-11.654780387878418},"rotation":{"x":0.029956474900245668,"y":-0.9664060473442078,"z":0.2184504270553589,"w":0.13249319791793824},"size":14.849491119384766,"orthographic":false}