{"cameraMode":{"drawMode":0,"name":"Shaded","section":"Shading Mode"},"sceneLighting":false,"audioPlay":false,"sceneViewState":{"m_AlwaysRefresh":false,"showFog":true,"showSkybox":false,"showFlares":true,"showImageEffects":true,"showParticleSystems":true,"showVisualEffectGraphs":true,"m_FxEnabled":true},"in2DMode":false,"pivot":{"x":-0.000001430511474609375,"y":-1.5163764953613282,"z":2.4077844619750978},"rotation":{"x":0.21119233965873719,"y":0.6342955827713013,"z":-0.18606875836849214,"w":0.7200961709022522},"size":15.588956832885743,"orthographic":false}